,Mean Squared Error,Root Mean Squared Error,Mean Absolute Error,Median Absolute Error,Max Error,Explained Variance Score,R² Score,Mean Absolute Percentage Error
RandomForestRegressor_1,8.2706152070754,2.875867731150965,2.324637382216235,1.916980712425688,9.546488183393382,0.7128013562524234,0.7126782944260177,37.2346893322448
XGBRegressor_2,3.8351425719252568,1.9583520040904947,1.5401483498450805,1.2912579076178172,7.391545388613064,0.8667807571282249,0.8667668997655366,18.43179374773313
LGBMRegressor_3,4.129915948349417,2.0322194636282314,1.6336095713917,1.4353039785135637,6.721744699234225,0.8566925964561326,0.8565264536618977,21.497802821337892
CatBoostRegressor_4,3.71887620112511,1.9284387989057652,1.5037088050731007,1.2856170300515668,7.266052755254375,0.871051292204655,0.8708060009838616,22.180082884678882
