Feature,Importance
feature_2,0.27680075
feature_13,0.15931502
feature_11,0.13075083
feature_9,0.12894556
feature_18,0.0743532
feature_17,0.021350456
feature_19,0.02032234
feature_12,0.018179307
feature_10,0.017106026
feature_14,0.01664104
feature_6,0.016490364
feature_3,0.016193831
feature_1,0.015233582
feature_5,0.0147223845
feature_15,0.013480642
feature_8,0.013394549
feature_16,0.0123964315
feature_7,0.011691199
feature_4,0.011487736
feature_0,0.011144854
